<<<<<<< HEAD,,,,
2022-04-02,23:01:00-23:34:59.999,,
2022-04-04,23:51:00-23:59:59.999,,
2022-04-05,00:00:00-2:56:59.999,04:32:00-04:50:59.999,
2022-04-06,03:38:00-05:05:59.999,,
2022-04-07,02:44:00-03:31:59.999,05:15:00-06:07:59.999,
2022-04-08,03:32:00-05:04:59.999,,
2022-04-10,05:25:00-06:01:59.999,,
2022-04-11,00:16:00-00:56:59.999,,
2022-04-16,02:07:00-02:25:59.999,,
2022-04-18,02:31:00-02:42:59.999,19:57:00-20:13:59.999,23:10:00-23:59:59.999
2022-04-19,00:00:00-03:58:59.999,19:30:00-19:46:59.999,21:27:00-23:59:59.999
2022-04-20,00:00:00-06:23:59.999,19:30:00-20:54:59.999,
2022-04-21,00:25:00-06:17:59.999,,
2022-04-22,19:30:00-23:59:59.999,,
2022-04-23,00:00:00-06:41:59.999,19:30:00-21:09:59.999,22:57:00-23:59:59.999
2022-04-24,00:00:00-01:57:59.999,03:42:00-06:12:59.999,20:41:00-23:59:59.999 
2022-04-25,00:00:00-05:31:59.999,20:29:00-21:14:59.999,23:12:59.999-23:59:59.999
2022-04-26,00:00:00-05:58:59.999,,
2022-04-27,01:11:00-02:53:59.999,21:19:00-23:59:59.999,
2022-04-28,00:00:00-06:19:59.999,,
2022-04-29,00:04:00-03:21:59.999,,
2022-04-30,00:15:00-04:42:59.999,19:30:00-23:59:59.999,
